department,tool,prompt_length,sensitive_data,usage_time,risk_score
Sales,Bard,112,Yes,44,0.1709596797560483
Finance,Bard,391,Yes,13,0.8589462649659074
IT,Copilot,147,No,39,0.37066911138142344
HR,Gemini,232,No,20,0.32441384562407516
HR,Gemini,165,No,31,0.2590266747890051
Finance,Copilot,357,Yes,52,0.0006272039239385574
Operations,Copilot,219,Yes,40,0.385784939634931
Sales,ChatGPT,154,Yes,14,0.15587791526922457
Operations,Bard,299,Yes,56,0.5276731324010563
IT,Gemini,127,No,5,0.3640252085413759
Finance,Bard,102,Yes,1,0.20384287960445346
IT,Claude,341,Yes,3,0.307374444152666
IT,Bard,107,Yes,28,0.07267446301667757
Operations,Gemini,266,Yes,46,0.477597922489556
HR,Gemini,136,No,60,0.6216361886286558
HR,Copilot,153,No,9,0.7004145083920689
IT,Gemini,227,Yes,47,0.6277147538909125
Sales,Claude,113,No,43,0.46291488656270785
IT,Bard,27,Yes,40,0.7370782203733955
Finance,ChatGPT,87,Yes,2,0.44578475054701416
Operations,Gemini,133,Yes,50,0.8251659832386489
Sales,ChatGPT,82,No,41,0.5938488271744952
HR,Copilot,96,Yes,53,0.6609837261404604
IT,Claude,246,Yes,35,0.3545271092517983
HR,ChatGPT,191,Yes,24,0.25729204737088207
Operations,Claude,67,No,21,0.6562445161397746
Operations,Copilot,349,Yes,36,0.4625611500422546
Finance,Gemini,326,No,30,0.27562865058560415
Operations,Copilot,151,No,51,0.42755685480222294
Sales,Copilot,42,Yes,44,0.9598545039336713
Operations,Gemini,254,Yes,8,0.8902240772291287
HR,Gemini,319,No,52,0.5565226476624199
Sales,Copilot,206,Yes,20,0.1151173722937765
Operations,Bard,333,No,46,0.7949434132320637
HR,Claude,267,No,49,0.19973940283050395
IT,Claude,97,No,52,0.5788893439417601
Finance,Gemini,303,No,41,0.36028758352627555
Operations,Bard,57,Yes,40,0.4078858047198126
Sales,ChatGPT,166,Yes,13,0.27947875628879615
IT,Copilot,335,No,35,0.5664115093396789
Sales,Claude,20,Yes,15,0.6702752465813708
Operations,Gemini,72,Yes,2,0.2977572994299339
Finance,Bard,175,Yes,22,0.14120923344982728
Operations,ChatGPT,315,Yes,43,0.7713725410360264
Operations,Gemini,278,No,60,0.7264124126512402
Finance,Bard,94,Yes,6,0.057359762738387166
Sales,Claude,317,Yes,10,0.5037499800418241
Finance,Copilot,121,Yes,49,0.572287332268369
Finance,ChatGPT,386,Yes,22,0.2587347997277255
Finance,ChatGPT,303,No,54,0.03695157941336458
Operations,Copilot,117,Yes,20,0.4420185878690458
IT,Bard,389,Yes,10,0.6852370877174618
Sales,ChatGPT,100,No,8,0.04048184788419873
Operations,ChatGPT,168,Yes,41,0.19964759411622635
Finance,Copilot,382,No,23,0.8706309479285441
IT,Bard,213,No,19,0.4307637657642809
Sales,Claude,255,Yes,24,0.7206223624009178
IT,Copilot,103,No,7,0.3135633033923151
Operations,Gemini,264,No,57,0.1263850397478825
Finance,Bard,302,Yes,19,0.49403853427322375
HR,Bard,260,No,17,0.7326290037827495
HR,Claude,212,Yes,4,0.03172664862328611
Sales,Gemini,378,Yes,21,0.10014852724112988
Finance,Copilot,382,Yes,25,0.2880639918395046
Sales,Gemini,289,No,44,0.9363462036860664
Finance,Copilot,192,Yes,37,0.39822186329586406
IT,Claude,284,No,21,0.13416022844097497
IT,Claude,30,Yes,20,0.13004648162263788
Finance,ChatGPT,59,No,28,0.461104662024734
Sales,Bard,54,Yes,2,0.7075664648917169
Finance,ChatGPT,123,Yes,33,0.6265730621547734
HR,Gemini,154,Yes,56,0.6051087547833526
Operations,Gemini,20,No,47,0.24274165049376473
IT,Claude,106,Yes,32,0.14215379659871752
Sales,ChatGPT,71,No,14,0.8878033755484448
Operations,Claude,36,No,25,0.8015728181885924
IT,Claude,379,Yes,39,0.3860212798645153
HR,Copilot,177,Yes,43,0.6942658358024671
Finance,Gemini,185,Yes,42,0.41375546370754535
Sales,Gemini,258,No,25,0.43600660972658
Finance,Bard,160,No,31,0.2583362457756301
Operations,Copilot,201,Yes,46,0.49352848650135506
IT,Copilot,117,Yes,55,0.4079481710978433
HR,Gemini,209,Yes,44,0.052290590485084
Sales,Gemini,385,Yes,38,0.09652734565151044
HR,Copilot,51,No,10,0.7395558572598784
Operations,Bard,168,Yes,22,0.1725672155251422
HR,Claude,40,Yes,15,0.36664446017944863
Finance,Gemini,397,No,10,0.6439233041452355
Sales,Bard,53,No,48,0.8028256260048215
IT,ChatGPT,365,Yes,39,0.5385354079928703
HR,Claude,310,Yes,41,0.9945674033963853
Operations,Claude,376,Yes,52,0.915431970009963
Operations,Copilot,145,Yes,4,0.26102889497396553
IT,Copilot,371,No,58,0.6157056770843186
HR,Claude,197,No,2,0.8284288014442133
Sales,Gemini,55,Yes,4,0.24654816130436386
Operations,Claude,108,No,13,0.7077793656533456
Finance,Claude,71,No,50,0.024194353165245652
Operations,ChatGPT,222,No,36,0.9026955684448019
IT,ChatGPT,368,Yes,45,0.5586936107453208
HR,Gemini,384,Yes,32,0.5725758142080273
Operations,ChatGPT,293,Yes,14,0.9888468667942479
Sales,Copilot,114,Yes,18,0.8540870992418802
Operations,Gemini,393,No,42,0.650565098580623
Operations,Gemini,86,Yes,57,0.022685341916057977
HR,Claude,268,No,35,0.9514705360823894
Operations,ChatGPT,201,Yes,58,0.5531459674567082
IT,Copilot,255,No,59,0.9684913968622588
Operations,Copilot,118,No,35,0.7652588457594518
IT,Bard,345,No,41,0.8806821035242415
Sales,Copilot,70,No,12,0.8786816834875748
Operations,Gemini,393,No,27,0.4747597358662966
HR,Gemini,191,No,9,0.30732545378396525
Operations,Bard,252,No,54,0.7460731576002607
IT,ChatGPT,282,Yes,49,0.9845424915344604
IT,Bard,130,No,14,0.9790686061132935
Sales,Bard,70,No,5,0.8962399078896895
Finance,Copilot,85,Yes,20,0.6798651422597759
IT,ChatGPT,260,Yes,25,0.807460529645102
Operations,ChatGPT,390,No,51,0.46098638386287394
Finance,Claude,324,No,12,0.7877145076206046
Sales,Bard,84,No,58,0.968778904860182
Sales,Gemini,195,Yes,47,0.5905155382834377
Finance,Gemini,372,Yes,27,0.9002172443376479
HR,ChatGPT,142,No,5,0.8176861366612513
Finance,ChatGPT,282,No,38,0.04605091670520656
Sales,Claude,69,No,33,0.8982960858598779
Finance,Claude,57,No,50,0.023151581228411877
Finance,Copilot,332,No,4,0.9696023956112844
Sales,Copilot,130,No,57,0.9303957500162152
Operations,Gemini,44,Yes,38,0.6163715083297475
Sales,Claude,227,No,29,0.21759124547246844
Sales,Bard,123,Yes,11,0.619924439367455
IT,Gemini,126,No,14,0.11321823380373275
Finance,Claude,149,Yes,15,0.9205433586058523
Sales,Copilot,364,No,44,0.4147937645745323
Finance,Claude,177,Yes,3,0.22797679712369678
HR,Gemini,324,Yes,38,0.9472180741158481
IT,Bard,230,Yes,53,0.44196569142258013
Sales,Gemini,123,Yes,11,0.42816851953595325
Sales,ChatGPT,382,No,54,0.5030394309380953
HR,Copilot,305,No,8,0.5679018531228766
HR,ChatGPT,106,Yes,11,0.5424509497209679
Operations,Bard,212,Yes,55,0.44510930049730646
IT,Gemini,398,Yes,44,0.8931740254421133
Finance,Gemini,27,No,15,0.1286757532892271
Sales,Gemini,163,No,49,0.33469721599433344
Operations,Gemini,258,No,39,0.9867625813752281
HR,Claude,271,Yes,29,0.7863967334024047
IT,Copilot,350,Yes,9,0.1851748862218927
HR,Gemini,141,Yes,12,0.7166427432106972
Operations,Claude,378,Yes,41,0.602205606343818
Operations,Claude,37,No,14,0.5477365688951603
Finance,Gemini,347,Yes,54,0.6834775232029738
Finance,Bard,211,Yes,2,0.4785855276613237
IT,Claude,48,Yes,33,0.5165161167129123
Finance,ChatGPT,89,No,28,0.8978483438020586
Operations,Copilot,227,Yes,16,0.2819799572192848
IT,Copilot,255,Yes,58,0.028599208900905504
HR,Bard,246,Yes,7,0.48064000217830893
Operations,Gemini,326,No,4,0.24128835306329444
Sales,Bard,27,No,33,0.7382198382652492
Operations,Gemini,55,Yes,59,0.9388768490748268
Finance,Copilot,27,No,33,0.7555477806353574
Sales,Claude,220,Yes,16,0.8256557556629122
Operations,Bard,259,Yes,40,0.9891064366351492
Operations,Claude,189,Yes,37,0.33819062340158257
HR,Gemini,295,No,54,0.24704900718544764
IT,Claude,165,No,13,0.5866625282270682
Sales,Bard,298,No,42,0.81026413957288
Operations,Bard,319,Yes,1,0.480443588019285
Finance,ChatGPT,211,No,37,0.9349259572189178
HR,Claude,72,No,14,0.18449374590274037
Sales,Claude,211,Yes,54,0.6309211008739527
IT,Copilot,368,Yes,1,0.2159329410869607
Sales,Copilot,345,Yes,43,0.8008562302087623
Finance,ChatGPT,306,No,37,0.7255021693639546
IT,ChatGPT,52,Yes,43,0.20141139010463438
Sales,Claude,115,No,19,0.721360683213486
Sales,Gemini,333,Yes,22,0.6560553424505886
Sales,Copilot,124,Yes,58,0.35625666004171164
Operations,Bard,340,Yes,19,0.13424660153235313
IT,Claude,27,Yes,57,0.5196308362646312
Finance,Bard,145,Yes,54,0.11979038890471971
Operations,ChatGPT,43,Yes,34,0.7485595843624312
Finance,Copilot,348,Yes,52,0.9267752899549525
HR,Gemini,271,No,38,0.5478625359178766
Finance,Gemini,391,No,54,0.5855582421449964
Operations,Bard,298,No,15,0.4232330046808339
IT,Copilot,132,Yes,34,0.1564786851732316
Finance,ChatGPT,361,Yes,27,0.8493681587786359
IT,Bard,393,No,38,0.6159376671633195
HR,Copilot,290,Yes,19,0.9267904990239918
Finance,Gemini,235,No,52,0.9089236688637864
HR,Gemini,277,Yes,10,0.13222040593985673
Sales,ChatGPT,25,Yes,56,0.9962953716918976
IT,Gemini,345,Yes,47,0.6882889774140308
Finance,ChatGPT,251,Yes,7,0.40377414186598826
Finance,Bard,291,Yes,46,0.22899149866149826
Operations,Gemini,281,No,56,0.7180626273827468
HR,Bard,51,No,3,0.5252016699714689
HR,Copilot,157,Yes,12,0.4838923277075271
Operations,Copilot,305,No,12,0.9511211233083628
Operations,Copilot,153,No,9,0.6058793366461388
HR,Copilot,68,Yes,6,0.3050227317900869
IT,Copilot,343,No,58,0.3755750976124187
Operations,ChatGPT,261,Yes,6,0.8643656049260423
Operations,Gemini,279,No,54,0.1557930546003854
Operations,ChatGPT,85,No,13,0.9487779778155665
Sales,Claude,220,Yes,16,0.34159231139968416
Finance,Bard,253,Yes,60,0.4554274393401213
Sales,Claude,81,No,59,0.6604553378846066
Operations,Copilot,326,Yes,18,0.0957833716311548
Finance,ChatGPT,375,No,53,0.3070191194354793
Finance,Claude,350,Yes,56,0.7371539151933977
Finance,Copilot,33,No,28,0.2084663639994957
Finance,ChatGPT,46,Yes,50,0.7545392379670134
IT,Bard,223,No,14,0.386060463411529
Finance,ChatGPT,67,No,34,0.9925287532895024
IT,Bard,85,No,54,0.97582653621667
IT,ChatGPT,216,Yes,15,0.9540121756240132
Sales,Claude,47,Yes,6,0.9809140671123434
Operations,Bard,198,No,43,0.15240104851525815
IT,Bard,285,No,12,0.6205784863391212
HR,Copilot,283,Yes,46,0.764432329397051
HR,Claude,150,No,20,0.3888608967598708
IT,Bard,225,No,60,0.9360912004279178
Sales,Copilot,100,No,44,0.5031890144854724
Operations,Bard,333,No,39,0.9803026774473954
IT,Copilot,269,No,34,0.974008490629232
Operations,Gemini,234,No,29,0.3048265580176752
Sales,Gemini,252,No,54,0.09586739216396245
IT,Bard,184,No,1,0.9923329494417146
Finance,ChatGPT,394,No,25,0.3032025538933478
IT,Bard,373,Yes,19,0.3644185143274169
HR,Bard,75,Yes,17,0.39876877941423605
Finance,Gemini,324,No,32,0.469602922768941
Operations,Gemini,392,Yes,53,0.04148361533055411
Finance,ChatGPT,204,No,56,0.8759325311761709
IT,ChatGPT,157,No,46,0.23869128724343958
Sales,Gemini,352,No,57,0.927102584083463
Operations,Gemini,246,Yes,16,0.7735979325213803
HR,Gemini,212,No,59,0.5279428565201287
Operations,Copilot,272,No,49,0.92020731213453
Operations,Gemini,341,No,49,0.6312788432759912
Sales,Claude,292,Yes,33,0.5791881410743542
IT,Claude,197,Yes,28,0.8984187012819481
Operations,Copilot,60,No,37,0.8929300186968792
Sales,Claude,97,Yes,28,0.567778298163726
HR,Gemini,235,Yes,14,0.5230424066499301
IT,ChatGPT,376,Yes,41,0.9249706504410781
IT,Bard,204,No,26,0.35802757687695763
IT,Claude,194,Yes,19,0.311537682682401
HR,Gemini,304,Yes,38,0.71864328127313
Finance,ChatGPT,372,No,18,0.412652776459115
IT,ChatGPT,132,No,8,0.5213655652466783
IT,Claude,98,No,42,0.9175943093263235
Finance,Gemini,317,Yes,10,0.983929708497156
Finance,ChatGPT,40,Yes,13,0.4673329220747081
Finance,Bard,42,No,24,0.3491426720390203
Finance,Claude,315,No,30,0.3771187151385096
Operations,Copilot,296,Yes,21,0.8490489389234424
IT,Claude,171,No,44,0.5774631877228172
HR,Copilot,322,Yes,44,0.980914429357759
Finance,Gemini,393,Yes,6,0.6113699374561925
Finance,Copilot,189,Yes,3,0.6391496315190819
Finance,Claude,245,No,23,0.4682413269015103
HR,Claude,390,Yes,19,0.6746149454600469
HR,Gemini,49,Yes,48,0.505949484648395
IT,Bard,59,Yes,50,0.16579685966960223
IT,Gemini,303,Yes,31,0.8249116941512106
Operations,Gemini,29,No,27,0.9805135351250014
Operations,Claude,168,Yes,24,0.5599316977990307
HR,Claude,321,Yes,27,0.3751929568743423
HR,Claude,26,Yes,8,0.9282329302004072
Finance,ChatGPT,186,No,56,0.9050825192889658
IT,Copilot,268,No,56,0.6104211088563257
Sales,Gemini,257,No,23,0.3919304435905987
HR,Bard,85,Yes,36,0.0026761399345599513
Sales,Bard,382,No,16,0.9628412769490706
Sales,Copilot,152,Yes,41,0.0784072074704446
HR,Bard,191,No,38,0.014694917610060254
HR,ChatGPT,124,Yes,48,0.06152402340744412
IT,Bard,386,No,60,0.13045910023573737
HR,Bard,90,No,33,0.2566767049371458
Sales,Bard,316,Yes,36,0.6720746135452905
HR,ChatGPT,174,No,56,0.9223955589466748
IT,ChatGPT,114,Yes,15,0.43647024761573894
Sales,Bard,273,Yes,22,0.6316232016397163
HR,Claude,373,No,2,0.40533932907152603
Finance,Claude,123,No,6,0.591197224221523
HR,Bard,131,Yes,40,0.7411309922522331
Finance,Copilot,184,No,38,0.22221997398058801
IT,Claude,311,No,51,0.7813522735528705
Sales,Copilot,35,Yes,25,0.5767067988390441
IT,Claude,208,Yes,57,0.8565561858715092
Sales,Copilot,284,No,4,0.43672715209851687
Operations,Copilot,164,No,19,0.7644368666481609
HR,Claude,57,No,60,0.23429150223665063
IT,Gemini,54,No,33,0.3614640482512156
Operations,ChatGPT,250,No,47,0.8481900137971111
Finance,ChatGPT,261,Yes,33,0.3637492977101694
IT,Claude,240,No,25,0.31982255995239905
Finance,Copilot,218,No,8,0.19598735369405396
Finance,Claude,335,No,13,0.25832605300601374
HR,Bard,355,Yes,59,0.8683557403150223
HR,Claude,147,No,11,0.7431970912528912
Sales,Claude,203,Yes,39,0.508730528816451
HR,ChatGPT,109,Yes,4,0.8283876230214212
HR,ChatGPT,313,No,60,0.378637159976011
Sales,ChatGPT,119,No,9,0.8870018611936725
Sales,Claude,261,Yes,22,0.8604001518469429
IT,Gemini,92,No,5,0.09087688098124169
HR,ChatGPT,65,Yes,52,0.7898501394372904
HR,Gemini,216,No,59,0.8579592292164736
IT,Claude,80,No,32,0.6905160201988588
Operations,Claude,394,Yes,6,0.5533374955646727
HR,Bard,268,Yes,27,0.6963461157074863
Sales,Claude,113,No,21,0.5787471262040379
IT,Copilot,106,No,60,0.4839411101074378
HR,Gemini,200,No,53,0.11332867668042401
Finance,Bard,209,No,41,0.6467151869757655
HR,Gemini,355,Yes,30,0.8339757002965252
Finance,ChatGPT,361,Yes,50,0.977366480937655
Sales,Claude,387,Yes,57,0.2961155689251208
Operations,Gemini,346,No,30,0.3013611388200472
Operations,ChatGPT,274,Yes,42,0.7170209161640824
Finance,Claude,206,No,18,0.5340293648559505
HR,Bard,372,Yes,57,0.28757431225447205
Operations,Gemini,293,Yes,15,0.14009215029901723
Operations,Claude,318,No,29,0.9854405605219234
IT,Claude,137,Yes,44,0.635596333314011
IT,Gemini,57,No,50,0.13713881875447875
HR,Claude,344,No,30,0.3028547073593145
Operations,Claude,170,Yes,12,0.4957855253661484
Finance,ChatGPT,98,No,41,0.16198015947195632
Finance,Bard,158,No,38,0.022243171331296052
HR,Gemini,34,No,27,0.46221376980520035
Sales,Bard,340,Yes,55,0.8711119268290021
Sales,Copilot,363,No,28,0.07280711430456244
Operations,Bard,313,Yes,32,0.9034095794680174
Operations,Claude,322,No,7,0.7722526827105123
HR,Gemini,112,Yes,46,0.571947258574838
Operations,Gemini,41,Yes,26,0.4830862664593537
HR,ChatGPT,393,No,47,0.35970422628125553
IT,Bard,26,Yes,5,0.18597025444087123
Operations,Claude,268,Yes,26,0.3366757394242915
IT,Bard,160,Yes,23,0.9351935502616795
HR,ChatGPT,299,No,21,0.7249120498207876
Sales,Copilot,105,No,11,0.41114781663177113
Sales,Gemini,273,No,50,0.18683937744548418
Sales,Gemini,151,No,53,0.7331638151070129
Finance,Copilot,104,Yes,5,0.03245802440935841
IT,Gemini,93,Yes,58,0.35652879634317414
HR,ChatGPT,324,No,21,0.2908035908490949
Sales,Claude,203,No,34,0.4328051693450662
Finance,Gemini,154,No,47,0.9773727004473478
IT,Claude,56,Yes,4,0.005901606002781001
HR,Gemini,79,No,22,0.08600243156322118
Operations,Bard,286,Yes,48,0.07497459274531859
IT,ChatGPT,114,Yes,26,0.16142396794938751
Sales,Copilot,61,Yes,33,0.5580003033234672
HR,Gemini,200,Yes,36,0.05305229775401432
HR,ChatGPT,317,Yes,5,0.7568322830268224
IT,Bard,201,Yes,48,0.7981461341958518
IT,Copilot,232,Yes,59,0.6064999597227461
HR,Bard,44,No,3,0.8529622088673066
HR,ChatGPT,22,No,59,0.09357037088015507
Operations,Copilot,120,Yes,47,0.7550967588401242
Finance,Claude,144,Yes,53,0.8557139040807588
Operations,Claude,171,No,59,0.942797571226054
Finance,Copilot,55,Yes,22,0.17024726594699902
Sales,Copilot,233,No,15,0.9309709358250112
Finance,ChatGPT,341,Yes,46,0.06022318069241417
IT,Claude,125,No,34,0.872857184774479
Sales,Gemini,151,Yes,39,0.8241466211745875
IT,ChatGPT,156,No,22,0.9643292013285055
HR,Bard,62,Yes,17,0.4947250119532597
HR,Bard,47,Yes,55,0.22838102201717814
IT,ChatGPT,94,No,2,0.2271072995879425
Finance,Gemini,323,Yes,45,0.82274220162737
Operations,Claude,82,No,15,0.24893269752781533
Finance,Copilot,315,No,16,0.907348434314894
Finance,Claude,145,No,28,0.844661482208907
Operations,ChatGPT,241,Yes,37,0.9979003488381377
Operations,Gemini,187,No,11,0.8822059829184541
HR,Copilot,44,Yes,15,0.1583537262036553
Finance,Copilot,372,Yes,5,0.0026265735272298363
IT,Bard,91,Yes,19,0.2594482897931003
IT,Claude,394,Yes,34,0.8227387895182356
HR,Gemini,223,No,13,0.09893663063261648
HR,Claude,234,Yes,38,0.7309109625047046
Sales,ChatGPT,22,No,59,0.737680792246937
HR,ChatGPT,50,No,14,0.7424309470200848
IT,Bard,85,Yes,26,0.2236717113926332
Operations,Claude,26,Yes,18,0.4715995837795778
Finance,ChatGPT,271,No,29,0.3942616717187045
Sales,Gemini,269,Yes,29,0.2997451318223957
IT,ChatGPT,234,No,28,0.5201656422397014
Sales,Gemini,389,Yes,13,0.011009428357599105
Sales,Copilot,357,Yes,25,0.058052324346953066
Sales,ChatGPT,390,No,52,0.0652767318206523
HR,ChatGPT,165,Yes,10,0.8655798868308786
Finance,Bard,45,No,5,0.21325945883324293
IT,Copilot,113,Yes,33,0.7694553836598453
Operations,Claude,27,Yes,10,0.968581876173931
Finance,Gemini,363,No,3,0.8265871798305578
IT,Bard,189,Yes,8,0.8719063961530558
HR,Copilot,93,No,9,0.7150740757110865
HR,Bard,30,Yes,39,0.30477467984995477
HR,Claude,55,No,50,0.4208287769475775
IT,Copilot,152,No,59,0.48828199573022146
Sales,Copilot,104,No,52,0.7269237138650522
Sales,Bard,370,Yes,47,0.6784863075806967
IT,Gemini,61,No,30,0.9458826944281635
Operations,Bard,107,No,16,0.3050445825300271
Finance,Bard,256,No,26,0.62826567771964
IT,Copilot,353,Yes,11,0.4869926861633662
Finance,ChatGPT,209,Yes,31,0.3798050413625744
HR,Gemini,276,No,57,0.17832133140045536
Operations,Claude,206,No,57,0.6595056466535979
Finance,ChatGPT,125,No,10,0.5881443102848538
IT,Claude,351,Yes,15,0.004138692678210876
IT,Bard,48,Yes,36,0.9983720664741514
Sales,Copilot,110,No,12,0.5305120247345223
HR,Copilot,120,Yes,31,0.22157131965928567
HR,Gemini,268,No,60,0.32195331580827735
HR,Gemini,324,Yes,50,0.6152496164377752
HR,Gemini,202,Yes,32,0.6302459358200018
IT,Gemini,72,Yes,32,0.9248235942779105
Sales,Claude,20,No,40,0.13896910193830736
Finance,ChatGPT,42,No,43,0.6670415869578776
Finance,ChatGPT,189,No,53,0.026794462216113923
IT,Gemini,229,Yes,4,0.3866206611355385
Operations,ChatGPT,93,No,33,0.6980428282691427
HR,Claude,241,No,18,0.13980497163735617
Finance,Copilot,210,No,12,0.6927368676311776
Operations,ChatGPT,174,Yes,18,0.9381464003433085
HR,Bard,119,Yes,45,0.3568025436295509
Operations,Gemini,216,Yes,51,0.9873542816307408
Operations,Bard,290,No,18,0.1879283217477239
IT,Claude,369,No,18,0.8105661502021024
IT,Bard,327,Yes,53,0.5738383303385631
Finance,ChatGPT,51,Yes,56,0.5788765069381516
HR,ChatGPT,213,No,35,0.9911285171345283
Finance,ChatGPT,271,Yes,33,0.2117712849175596
Sales,Gemini,125,Yes,40,0.304122546840762
Sales,Gemini,222,Yes,34,0.75818646187613
Operations,ChatGPT,134,No,35,0.1354219724095973
IT,Claude,157,Yes,43,0.5097030305357373
Sales,Claude,96,No,26,0.41878135073654077
Operations,Gemini,186,Yes,40,0.29820374394909444
HR,Bard,115,Yes,22,0.607637926783215
HR,Bard,394,Yes,2,0.9703620122106716
HR,Claude,56,No,15,0.09229000677372101
Finance,Claude,39,Yes,24,0.20462476442290256
Operations,Copilot,87,Yes,56,0.4905492876800258
HR,Gemini,362,Yes,4,0.847854795194705
Operations,Gemini,362,No,39,0.6415021270929468
HR,Bard,213,Yes,13,0.2481572654770937
Operations,Claude,279,No,57,0.003873182916968365
IT,Gemini,161,No,35,0.9911010318737619
Finance,Claude,282,Yes,33,0.4501263666154286
IT,Copilot,322,Yes,50,0.8654189524958869
Sales,Claude,130,Yes,2,0.3866839286272675
Sales,Copilot,226,Yes,55,0.3641210749775978
Operations,Copilot,269,No,58,0.2090605102651747
Sales,Copilot,230,Yes,11,0.4919910384038495
Operations,Bard,224,No,37,0.03156407952883844
Operations,Claude,311,No,46,0.507727960321782
HR,Bard,66,Yes,52,0.8250923038886886
Sales,ChatGPT,174,No,53,0.11384363706612088
IT,Copilot,332,No,51,0.48149758128091824
Operations,Gemini,222,No,2,0.12960127641411567
Finance,ChatGPT,58,No,25,0.21960274701091453
HR,Claude,189,Yes,46,0.4090195423586075
Finance,Bard,306,No,49,0.04905942721177148
Finance,Gemini,263,No,14,0.8742266182265338
Sales,Claude,249,Yes,37,0.6526915856103963
Finance,Bard,115,No,54,0.7460174818188458
Finance,Copilot,45,No,4,0.18929456181398885
Finance,ChatGPT,182,No,6,0.3188778284424091
IT,Bard,85,Yes,34,0.6972902798459937
HR,Gemini,167,Yes,44,0.9605908605653002
IT,Bard,287,Yes,58,0.1491918379324454
Operations,Bard,102,No,30,0.45970134863333956
Operations,Bard,156,Yes,45,0.6027697893335828
Finance,Bard,322,No,33,0.9716186609074714
Operations,ChatGPT,236,No,37,0.6462982783094633
Finance,ChatGPT,42,No,42,0.80970685781916
Operations,Copilot,369,No,22,0.9427036263889474
Finance,Copilot,289,Yes,28,0.6027346961164475
Operations,Bard,106,Yes,29,0.30869797393414933
HR,Copilot,179,No,45,0.6436399736366042
Sales,ChatGPT,121,No,56,0.8910405219733174
Operations,Gemini,313,Yes,25,0.35251803573837126
Finance,Bard,81,No,35,0.11752867184664684
IT,Gemini,260,Yes,38,0.7243272558558713
Sales,Copilot,66,No,7,0.5669472824866475
Sales,Copilot,300,No,43,0.6355624224801882
Finance,Copilot,217,Yes,19,0.40447779240209814
Sales,Bard,41,Yes,7,0.3556906455696711
Finance,ChatGPT,55,No,10,0.1746439017718815
IT,ChatGPT,76,Yes,50,0.967503061957393
Finance,Bard,361,Yes,12,0.9615636410097714
Operations,Gemini,104,Yes,41,0.3964680155436613
Finance,ChatGPT,84,Yes,26,0.825415038550058
HR,Claude,93,Yes,22,0.8078659617829925
IT,Bard,301,Yes,3,0.15294017736057897
Sales,Copilot,330,No,10,0.871518061756644
Operations,ChatGPT,202,No,43,0.36004033296699656
Sales,Copilot,385,No,24,0.5511215912220442
Finance,Claude,114,No,1,0.13029366300807843
Sales,ChatGPT,349,No,46,0.4760921317261637
Sales,Gemini,213,No,33,0.24495599014519043
Finance,Claude,59,Yes,20,0.7017687476796896
HR,Claude,383,No,7,0.044594957088782916
IT,ChatGPT,341,No,36,0.743943384907036
IT,Claude,324,Yes,49,0.1014401767097155
Operations,ChatGPT,188,No,4,0.981550448627653
IT,Bard,21,No,10,0.4068017967226164
IT,Claude,33,Yes,26,0.6947479725009135
Finance,Gemini,59,No,60,0.23742783175423887
Operations,ChatGPT,156,Yes,32,0.8754173741208388
IT,ChatGPT,381,No,50,0.2350780396473673
Operations,Bard,217,Yes,45,0.8719045287100684
HR,Bard,68,No,24,0.19147256243076793
Operations,Bard,149,Yes,32,0.09694351443131166
IT,Copilot,154,Yes,41,0.5944021130801983
Finance,Copilot,299,Yes,8,0.8792857277608174
Operations,ChatGPT,268,Yes,31,0.5224592931162246
Operations,Copilot,89,Yes,40,0.213434725195783
IT,Gemini,209,No,57,0.6276308766850012
Sales,Bard,147,Yes,43,0.5029019517716681
IT,Copilot,321,No,55,0.07582725319852579
Operations,Gemini,209,Yes,44,0.5960452818063304
Finance,Claude,72,No,47,0.6295669915750057
IT,Bard,365,Yes,13,0.8346649815689274
Operations,Bard,107,Yes,26,0.14289830251539348
Operations,Claude,133,No,52,0.8326287072648114
Finance,ChatGPT,204,Yes,27,0.3362324898516008
HR,Copilot,85,Yes,8,0.30919890020506446
HR,Gemini,255,Yes,32,0.9585471803561596
Finance,Claude,206,No,53,0.2686023858220141
HR,Copilot,99,No,51,0.625802723596025
HR,Claude,96,Yes,11,0.22451618099696946
Finance,Bard,303,Yes,30,0.6727195363014994
Operations,Copilot,333,No,32,0.3500011250441515
Operations,Copilot,39,Yes,52,0.41284003593128316
Finance,ChatGPT,189,No,13,0.4240838385480368
HR,ChatGPT,246,Yes,32,0.5650029730801465
Sales,ChatGPT,327,No,42,0.044649278619914856
Finance,Claude,160,No,26,0.24214331957951873
IT,Bard,153,Yes,43,0.5055894059341266
Finance,Bard,383,No,10,0.461786621960676
IT,ChatGPT,295,No,44,0.7032528145513436
Sales,Gemini,89,No,13,0.5696261509102716
Finance,Copilot,365,Yes,7,0.8915755048778473
Sales,Gemini,350,No,42,0.8553593852198954
IT,ChatGPT,255,Yes,50,0.8638460966192761
Sales,Bard,173,Yes,18,0.00443740171264051
IT,Bard,119,Yes,26,0.7734838344770133
HR,Claude,148,No,15,0.32644555753750226
IT,Claude,46,Yes,33,0.9325098675991945
IT,ChatGPT,236,Yes,33,0.4585605338283354
Operations,Copilot,96,Yes,58,0.14888796127517123
Sales,Claude,60,Yes,41,0.5852874079139343
Finance,Copilot,43,Yes,19,0.4000815070483762
Finance,Copilot,386,No,26,0.5455102382488561
HR,ChatGPT,383,No,14,0.39999655586968874
Sales,Copilot,175,No,31,0.9433155184506626
HR,Gemini,86,Yes,48,0.33189722392665644
IT,Claude,108,No,59,0.8594229749807775
Finance,Bard,270,No,4,0.7009126154675698
Finance,ChatGPT,28,No,48,0.7013777004129068
Operations,Bard,28,Yes,8,0.028779720810635068
Operations,Bard,351,No,20,0.6957255343256192
HR,Gemini,309,No,48,0.0066787146848870105
HR,Copilot,157,No,53,0.7537266325009503
Finance,Claude,190,Yes,1,0.9733137036604175
Sales,ChatGPT,382,Yes,57,0.43930984691137964
Finance,Bard,38,Yes,44,0.8225181179079637
Operations,Claude,253,Yes,12,0.9444632917088998
Sales,Claude,39,Yes,29,0.3970530279380311
IT,ChatGPT,200,Yes,51,0.8687934396957356
Finance,Copilot,47,Yes,52,0.9419175228028206
Sales,ChatGPT,323,Yes,37,0.955351879615364
HR,ChatGPT,265,No,5,0.9960440482168096
Sales,ChatGPT,258,No,37,0.10265330139505913
IT,Claude,34,Yes,47,0.16288225996024575
Operations,Copilot,222,No,34,0.45075097150678056
Sales,Bard,289,Yes,47,0.27372691399943827
Sales,Bard,46,No,21,0.32466238470039277
IT,Bard,103,No,60,0.337509791280023
Operations,Gemini,384,Yes,45,0.3473049870493191
Sales,Copilot,193,Yes,41,0.61851458873164
HR,Copilot,274,No,53,0.3041039669822353
HR,Bard,222,No,37,0.6493276665394769
Operations,ChatGPT,361,Yes,43,0.26607966442064157
Operations,Claude,196,Yes,3,0.5506747909248721
Finance,Claude,329,Yes,22,0.7043366578858108
HR,Gemini,215,No,21,0.5201130409047694
HR,Gemini,328,No,7,0.24446488141889
Operations,ChatGPT,357,No,36,0.32993283643072535
Finance,Bard,186,No,34,0.20115634887113254
HR,ChatGPT,326,Yes,44,0.3478884986577231
Finance,Bard,79,No,8,0.8930052708215641
Operations,ChatGPT,370,No,36,0.44947116056987935
Finance,Gemini,127,No,24,0.5010171854191429
Finance,Bard,64,Yes,24,0.09762263430525775
HR,Bard,83,No,9,0.7160794629811764
Operations,Claude,396,No,6,0.7548053282371032
Finance,Gemini,259,No,52,0.9008304275889583
IT,ChatGPT,390,No,26,0.7315264336834522
IT,ChatGPT,107,No,13,0.5154218245782828
Operations,Gemini,109,No,20,0.34502984436773165
Finance,ChatGPT,137,Yes,53,0.4535749200979605
Finance,Gemini,146,No,18,0.17519140080299256
HR,ChatGPT,270,Yes,45,0.6814391414830688
Sales,ChatGPT,221,No,28,0.7693632111177768
Sales,Claude,366,Yes,55,0.3606208602886344
HR,Claude,221,Yes,40,0.5408842120737982
IT,Copilot,49,Yes,2,0.6076804438453685
IT,Gemini,305,No,6,0.46180495848640013
IT,ChatGPT,168,Yes,57,0.07308053391537661
Finance,Claude,87,Yes,17,0.7025074246763596
Sales,Gemini,302,Yes,39,0.7263754121487104
Sales,ChatGPT,207,No,50,0.9304078089810625
Operations,Gemini,27,No,29,0.9532662572913198
Sales,Gemini,351,No,45,0.901512317045961
IT,Bard,127,No,13,0.9636988802078607
IT,Copilot,94,Yes,8,0.8539789075267387
IT,Bard,167,No,10,0.8674744104767311
Sales,Gemini,68,Yes,13,0.9868727890712856
HR,ChatGPT,318,No,4,0.4030861674490236
HR,Bard,310,Yes,49,0.89151725435034
Sales,Copilot,39,No,42,0.836921094084784
Finance,Copilot,237,Yes,56,0.657638805962921
IT,Claude,113,No,24,0.764308412310672
HR,Copilot,334,No,20,0.8364279572051708
HR,Bard,230,No,53,0.052825500653845836
Sales,Bard,78,Yes,36,0.16315067843516318
IT,Copilot,127,Yes,6,0.28460330747803964
IT,ChatGPT,112,Yes,58,0.6522028049716689
Finance,Gemini,30,Yes,45,0.5215808448641898
IT,ChatGPT,168,Yes,5,0.5438321178151642
Sales,Claude,363,Yes,15,0.04878974471136144
Finance,Bard,143,Yes,14,0.054805526565819496
Sales,Bard,86,Yes,38,0.09241658803128494
HR,Bard,295,Yes,21,0.4844178568968712
Operations,Copilot,191,No,22,0.7882481057392953
Sales,Claude,73,No,33,0.13274758742809734
IT,Copilot,279,No,47,0.3360393112950486
HR,Bard,182,No,27,0.6632234459352597
Operations,ChatGPT,25,Yes,54,0.5622792258601682
IT,Claude,179,Yes,14,0.7293819874364836
Finance,ChatGPT,390,No,10,0.9081440001788869
HR,Copilot,371,No,26,0.18835653422765286
Operations,Gemini,137,No,26,0.7399487849220213
Sales,ChatGPT,32,No,48,0.394673257310299
Sales,Claude,125,No,25,0.07043378222294872
Finance,ChatGPT,323,No,39,0.6944425691664475
Finance,Copilot,350,No,19,0.10226495100791855
Operations,Gemini,30,No,40,0.05121462716098324
Sales,ChatGPT,182,No,8,0.3943054078734234
HR,Bard,268,No,59,0.07899863702820509
IT,Claude,336,Yes,37,0.4963460588487856
Sales,Claude,124,Yes,32,0.3838779335743264
HR,Bard,166,No,57,0.0006776997100594873
HR,Gemini,252,No,6,0.11756119631616357
Sales,Copilot,57,No,11,0.16862756431921522
Sales,Claude,233,No,51,0.552234186560882
Operations,Copilot,123,Yes,36,0.2161763265438189
Operations,Bard,153,No,58,0.9982049511375856
Operations,Bard,153,No,36,0.08701236535412127
HR,ChatGPT,199,Yes,2,0.14675726777977283
IT,ChatGPT,176,No,36,0.6577148203804725
IT,Claude,219,No,46,0.8964441178825103
HR,Gemini,167,Yes,58,0.4685522050618275
Finance,Bard,333,No,36,0.871677203114126
Finance,Copilot,346,Yes,4,0.6841652698461161
Finance,Bard,70,No,26,0.7652037343395657
HR,Copilot,329,Yes,15,0.43531429377782827
Operations,Copilot,221,Yes,1,0.8047580610620988
Finance,ChatGPT,72,Yes,13,0.7579599890230275
Operations,ChatGPT,288,Yes,12,0.6405783458992257
Finance,Gemini,21,Yes,23,0.24156099263737552
Operations,Gemini,116,Yes,23,0.19812451206312454
IT,Bard,164,No,5,0.4380903470691958
HR,Bard,94,No,28,0.4001705644374197
IT,Claude,23,No,48,0.7388936442826773
HR,Gemini,139,No,35,0.6424890444406754
IT,Claude,88,No,26,0.11006471023074926
Finance,Gemini,112,No,20,0.5768588439491787
Sales,Bard,179,No,1,0.004014663078468872
Sales,Gemini,268,No,51,0.5079787833084947
Finance,Bard,271,Yes,26,0.02913097364513162
HR,Copilot,393,Yes,7,0.9109199397115814
Sales,Bard,68,No,30,0.0848035955659674
Operations,Copilot,79,Yes,58,0.5317216286178742
Finance,Gemini,377,Yes,38,0.6463982263097368
Finance,ChatGPT,126,Yes,30,0.6535732442922957
IT,ChatGPT,91,No,11,0.7289330243536266
Sales,Copilot,287,Yes,60,0.7669799589442473
IT,ChatGPT,338,Yes,57,0.5931750753302772
HR,Claude,332,No,31,0.2528204117483178
IT,ChatGPT,368,No,45,0.2599069756632415
IT,ChatGPT,278,No,39,0.7287605841547355
HR,Claude,396,No,53,0.33615734190769153
Finance,ChatGPT,84,No,51,0.6253469933865202
Operations,ChatGPT,305,No,20,0.32403367250783055
Operations,ChatGPT,41,Yes,44,0.34033186002204874
Sales,ChatGPT,299,Yes,23,0.013781118984402263
Operations,Copilot,325,No,11,0.554991946155813
Finance,Gemini,393,No,9,0.41473881550663694
HR,Copilot,295,Yes,56,0.3039973577615699
Finance,Claude,322,Yes,54,0.7852083927608863
HR,Bard,91,No,15,0.05595443712811499
Finance,Bard,214,Yes,41,0.7997816385742024
Operations,Copilot,393,Yes,2,0.26982309254672643
Sales,Copilot,283,Yes,54,0.672724130768321
IT,Claude,225,No,6,0.9940730947584508
Finance,Claude,172,No,48,0.4224110433757362
Finance,ChatGPT,291,Yes,11,0.36929712791238956
HR,Bard,303,Yes,14,0.8639694403769608
HR,Copilot,173,Yes,14,0.625683458952032
Sales,ChatGPT,32,Yes,35,0.2957394465082128
Operations,Bard,107,Yes,41,0.2864711354489735
HR,Gemini,43,Yes,23,0.8081774974518023
Finance,Gemini,312,Yes,28,0.1509216116127714
IT,ChatGPT,224,No,42,0.47380143083170867
IT,Claude,36,Yes,20,0.40258384792888036
Finance,Gemini,42,No,41,0.7336805593712561
HR,Gemini,303,Yes,43,0.008385870986207244
Operations,Claude,260,No,45,0.10518466257938841
Operations,Claude,240,No,21,0.34278638577693954
HR,ChatGPT,265,Yes,57,0.8754017642109132
IT,Gemini,284,Yes,39,0.11226242298872191
IT,Bard,86,No,40,0.25950219878357816
Operations,Copilot,392,No,21,0.7133270748245838
HR,Copilot,62,Yes,53,0.31950438458863173
IT,Copilot,85,Yes,24,0.3060991940820479
Operations,Bard,387,Yes,39,0.6276659908606679
HR,ChatGPT,92,No,34,0.3360827736468681
IT,Gemini,364,Yes,10,0.46014613297276696
Operations,ChatGPT,220,No,52,0.2532600168156691
IT,ChatGPT,268,Yes,60,0.06879275217358083
Operations,Bard,144,No,51,0.7186591256738268
Finance,ChatGPT,288,Yes,53,0.2514407961465246
HR,Bard,35,Yes,26,0.8631086295824467
HR,ChatGPT,94,Yes,39,0.1581187434962945
IT,ChatGPT,335,Yes,53,0.48529458186429264
Sales,Claude,315,Yes,28,0.10049266673971402
Sales,ChatGPT,181,No,40,0.8702117786554362
IT,Claude,195,Yes,43,0.3158550601593604
IT,Claude,301,No,50,0.08122330257103305
Operations,ChatGPT,215,Yes,55,0.08136922868109986
HR,Copilot,176,Yes,18,0.6032613845340091
Finance,Gemini,111,Yes,47,0.5101975016261975
IT,ChatGPT,282,No,8,0.7029710789845627
IT,Claude,345,No,22,0.25669695428871675
Finance,Claude,249,No,11,0.5825997155927877
IT,Copilot,311,No,21,0.6881501698581809
Operations,Bard,67,Yes,6,0.5184428132081956
IT,Gemini,277,No,19,0.04642431946671832
Finance,Copilot,23,No,40,0.3979523677254928
IT,Bard,157,Yes,58,0.6522375647983478
HR,Copilot,63,Yes,30,0.6845099421095556
IT,Bard,266,No,60,0.2977591708714671
IT,Bard,309,No,54,0.9913450249553156
Operations,ChatGPT,260,Yes,9,0.00922965314023727
Operations,Claude,27,Yes,29,0.6623831974872759
Finance,Gemini,177,No,24,0.4295288453798408
Sales,Bard,331,Yes,11,0.8715356518840138
Sales,ChatGPT,386,Yes,44,0.0682993131630869
Operations,Copilot,214,No,8,0.2557305253104091
Finance,Copilot,41,No,33,0.7257191252628243
Sales,Claude,214,No,26,0.5979301661570998
Finance,Gemini,338,No,12,0.8008059477082622
Operations,Gemini,356,No,28,0.3504192035813378
Finance,Bard,280,No,33,0.13736766342439832
Sales,Claude,327,No,59,0.8251951805266595
Sales,Claude,236,Yes,1,0.9103828643732982
HR,Copilot,319,Yes,2,0.7677524578397746
HR,Copilot,155,Yes,47,0.9895702945919876
Operations,ChatGPT,261,Yes,51,0.8752588046596793
Sales,Bard,248,No,52,0.39809564941360054
IT,Bard,347,No,7,0.7464859490557674
Sales,ChatGPT,113,No,35,0.3285826887368306
IT,ChatGPT,110,No,2,0.017433138780158286
IT,Copilot,94,No,12,0.767475498948176
Sales,Claude,134,Yes,54,0.7398555879046971
IT,Bard,263,No,19,0.15817383877775193
IT,Claude,241,No,47,0.7040555985007259
HR,Bard,46,Yes,3,0.1386781390111934
Operations,Bard,168,No,40,0.23017593464272745
IT,Claude,179,No,51,0.5734718208626126
Sales,Claude,166,Yes,45,0.9248192428448624
Sales,Bard,184,Yes,56,0.5984128280776249
Operations,Claude,160,Yes,15,0.4433118004308364
Finance,Claude,40,No,1,0.7079837742454113
Operations,Bard,105,No,5,0.2533918240346382
Finance,Bard,344,Yes,9,0.2946414815393694
Sales,Gemini,125,No,49,0.6423073371796948
Sales,Copilot,344,No,22,0.150330424134677
Finance,Copilot,383,Yes,16,0.052254896646261484
Finance,Bard,166,No,20,0.18428127643022818
Finance,Bard,25,No,10,0.15737719859135835
Operations,Claude,346,No,50,0.01255687192743038
Operations,Gemini,358,Yes,42,0.8655818911160216
Operations,Claude,165,No,31,0.15250617639203834
Operations,ChatGPT,98,Yes,41,0.11429766734052937
Operations,Bard,276,Yes,34,0.7547428419307242
IT,Copilot,151,Yes,28,0.5322367053086569
Finance,Copilot,200,Yes,37,0.6929688241079347
HR,ChatGPT,33,Yes,55,0.21630672084212477
Sales,Gemini,107,No,4,0.02705390184426426
Finance,ChatGPT,387,No,4,0.7754571798184879
Sales,Bard,297,No,21,0.27741751380043744
HR,Gemini,148,Yes,34,0.7554706078797347
Operations,Copilot,212,Yes,54,0.03224284346809192
HR,Claude,141,Yes,9,0.3062593453808784
Sales,Bard,251,Yes,60,0.714502612092833
Finance,Claude,328,Yes,51,0.21124430775002834
Operations,Bard,147,Yes,39,0.1415392763379455
HR,ChatGPT,290,Yes,49,0.7657697407715717
IT,ChatGPT,297,No,10,0.9072591692174596
Sales,ChatGPT,374,No,35,0.3135294705979552
Operations,ChatGPT,49,Yes,56,0.8919476113150712
Operations,Gemini,349,Yes,27,0.2729988450200511
HR,Claude,74,Yes,17,0.6559398157429278
Finance,ChatGPT,297,No,50,0.4714417247503294
HR,Claude,141,No,9,0.47872208422515694
IT,Copilot,359,Yes,11,0.37091747987015844
Finance,Bard,336,No,10,0.49713558661817137
Finance,Bard,78,Yes,51,0.2063636058579621
IT,Bard,198,No,34,0.3295105643489451
IT,Bard,244,Yes,28,0.47763619745451247
HR,Claude,349,No,26,0.8679808864189903
Finance,Bard,362,Yes,16,0.37640461500705424
HR,Bard,168,No,43,0.6841641058514606
Finance,Bard,250,No,59,0.8222302402360973
HR,Bard,394,Yes,37,0.11569943223149304
Sales,Claude,88,Yes,32,0.519689274142206
HR,Claude,367,No,19,0.4979816145944582
Finance,Gemini,400,Yes,27,0.8609821815417309
Finance,Claude,149,Yes,37,0.9815259018075397
IT,Copilot,183,No,56,0.5706809549790527
Operations,ChatGPT,110,Yes,38,0.8930183553324316
HR,Claude,154,No,44,0.5196846378800283
Finance,Copilot,121,No,52,0.5295686129347711
IT,Copilot,89,No,46,0.855268038045749
Finance,Gemini,330,No,35,0.6460075071772169
IT,Bard,357,No,11,0.9013811748556761
Finance,Gemini,155,Yes,7,0.7949094691827593
Operations,Gemini,105,Yes,4,0.19458990338332838
Operations,Gemini,396,No,29,0.63826909110742
Finance,Claude,295,No,37,0.1385443762686812
HR,Gemini,226,Yes,34,0.6342933702870139
Operations,Claude,276,Yes,36,0.8966333490611893
Finance,Gemini,175,Yes,5,0.9969107541807368
Sales,Copilot,339,Yes,26,0.23800403929624858
IT,Claude,182,Yes,7,0.6629760631697268
Sales,Bard,323,Yes,24,0.928217809065173
Operations,ChatGPT,192,No,35,0.5958937116180605
Sales,Gemini,76,No,51,0.651099315046625
IT,ChatGPT,305,No,46,0.4028827751363029
Sales,Bard,48,Yes,15,0.9669405659069708
IT,Bard,328,No,8,0.18207384603682963
Sales,Gemini,22,Yes,31,0.14557109680467362
Operations,Gemini,143,No,51,0.09117940194888152
Sales,Bard,313,No,17,0.8190707283138716
IT,ChatGPT,220,Yes,48,0.3026367244275707
Operations,Copilot,50,No,16,0.6480576374839598
HR,ChatGPT,42,Yes,6,0.4064690673976028
Finance,Gemini,382,Yes,30,0.7541486058823285
Operations,Bard,183,Yes,26,0.4127370363522236
Operations,ChatGPT,375,No,60,0.5150194937278347
HR,ChatGPT,355,No,43,0.4832464623314261
IT,Copilot,59,No,38,0.2679614251141985
Operations,Copilot,20,No,48,0.4063726008611298
Operations,Claude,311,No,14,0.7373211550057913
Operations,Copilot,362,Yes,43,0.0001522002573918213
Finance,ChatGPT,361,Yes,58,0.4759388858576292
Finance,Gemini,80,Yes,39,0.5424179969370241
HR,Copilot,286,Yes,48,0.690174381575386
HR,Copilot,297,Yes,55,0.5200484854265903
IT,Bard,400,No,46,0.8558122298179315
IT,Claude,190,No,59,0.501129169583287
Sales,ChatGPT,121,No,47,0.021867948700960982
Sales,Copilot,394,No,18,0.940022738292737
IT,Gemini,135,Yes,19,0.6043416817239056
Finance,Claude,135,No,39,0.8189448208828002
Sales,ChatGPT,364,Yes,25,0.22973105225827795
HR,Copilot,49,Yes,40,0.07349776955788001
HR,Bard,177,No,41,0.6635039976612461
Finance,Bard,394,No,14,0.45329825927211065
Sales,Claude,381,No,14,0.8986177754898024
Sales,ChatGPT,394,Yes,60,0.9936376368630222
IT,Bard,101,Yes,60,0.2162521206590683
HR,ChatGPT,292,No,59,0.20625643062826937
Finance,ChatGPT,123,No,51,0.3244017774876109
HR,ChatGPT,230,Yes,40,0.18404361109560596
HR,ChatGPT,197,No,47,0.3043848841885094
IT,Gemini,209,No,12,0.22614516154114117
Operations,ChatGPT,259,No,47,0.1404388634285053
Finance,Bard,392,Yes,3,0.7059082453683315
HR,ChatGPT,157,Yes,25,0.44831494659727444
IT,Claude,141,Yes,13,0.6937512714111309
IT,Gemini,169,No,24,0.8853328849218036
IT,Bard,305,Yes,45,0.1996250931559036
Operations,Claude,279,Yes,53,0.44357485736175695
Operations,Claude,209,No,20,0.38966833089606057
Operations,Claude,70,No,50,0.12864627670098494
Sales,ChatGPT,62,Yes,35,0.060965634251761824
Operations,Bard,66,No,30,0.30928679469415254
Sales,Bard,299,No,28,0.26289430485976784
Finance,Bard,334,Yes,55,0.8990754502267058
Sales,Claude,95,No,31,0.15733359546122627
Finance,Copilot,193,No,22,0.6733936438822955
Operations,Bard,115,Yes,59,0.6995364323260613
Finance,Bard,322,No,47,0.30442909095548487
HR,Claude,25,Yes,15,0.5956258268914186
Operations,Gemini,250,No,17,0.24174604804032207
Operations,Claude,399,Yes,18,0.8478068240239668
IT,Claude,129,No,41,0.15765550598105937
IT,Gemini,179,No,22,0.7245505274868503
HR,ChatGPT,75,No,15,0.7653323988013605
Operations,Gemini,20,No,12,0.4576529145449939
HR,Copilot,231,No,45,0.24497842837697037
Finance,Claude,303,No,30,0.40340646392502155
IT,ChatGPT,168,Yes,47,0.5735449768265237
Sales,Claude,132,Yes,30,0.23106252062238075
IT,Gemini,357,Yes,2,0.5196015738107032
HR,Gemini,224,No,12,0.5291849880986489
Operations,Copilot,326,Yes,48,0.37587034026042354
IT,Bard,172,Yes,59,0.9642943969400664
HR,Bard,73,No,21,0.05397879656537674
Operations,Gemini,158,Yes,38,0.43698620763583396
IT,Bard,352,No,44,0.5876874696081802
IT,Gemini,305,Yes,16,0.7468339200545974
Sales,Claude,289,Yes,20,0.6858989236057674
IT,Gemini,307,No,48,0.3799199759591714
Sales,ChatGPT,110,Yes,10,0.8151364949625386
HR,Claude,106,No,24,0.6737912242774626
Finance,Copilot,28,No,45,0.7146922265463195
Operations,ChatGPT,73,No,53,0.8926104546996699
IT,Copilot,253,Yes,1,0.6636833153402357
Finance,Copilot,134,Yes,9,0.6108758441082539
Operations,Copilot,343,No,39,0.29276122316865927
IT,Bard,178,Yes,26,0.9819185306454654
IT,ChatGPT,216,Yes,41,0.028882293342716636
Sales,Copilot,27,Yes,43,0.3076042248230093
Sales,Copilot,117,No,52,0.5107280106492745
Finance,ChatGPT,123,Yes,3,0.18282924861936212
Operations,Gemini,122,No,24,0.23971642973294893
Finance,Gemini,307,No,11,0.9123241919385222
HR,Copilot,183,Yes,19,0.14023664259069357
Sales,Copilot,164,No,59,0.9559596824010769
HR,Claude,377,Yes,14,0.37622770759776725
Finance,Copilot,270,Yes,3,0.9638453647394013
Sales,Copilot,131,Yes,7,0.06578882371137518
Sales,Bard,243,Yes,20,0.15279630081426177
Operations,Bard,178,Yes,51,0.3323950304783272
Sales,Gemini,128,Yes,53,0.7856255554820041
Sales,Claude,282,No,52,0.559537848784697
Sales,Bard,391,Yes,27,0.4345095177044791
IT,Claude,383,Yes,59,0.5693778305452196
HR,Copilot,48,Yes,9,0.902275522922994
IT,Gemini,365,No,53,0.5414071077855457
Operations,ChatGPT,38,No,8,0.5330016862076484
Finance,Bard,166,Yes,50,0.9403814820154435
Operations,Claude,41,No,15,0.9853846797573852
Operations,ChatGPT,57,No,44,0.21914112474012648
Finance,Copilot,212,No,58,0.7905738516734389
HR,Copilot,298,Yes,49,0.4474519562901864
Sales,Bard,363,No,14,0.35542724920947455
Operations,Gemini,33,No,44,0.9769045969316746
Finance,Copilot,255,No,58,0.8095788558588088
HR,Claude,168,Yes,47,0.25580964380352744
Sales,ChatGPT,48,Yes,10,0.6724533781600992
Operations,Copilot,228,Yes,7,0.257575515942026
HR,Bard,386,No,44,0.7367341461491007
Finance,Gemini,316,Yes,49,0.7297778760717674
HR,ChatGPT,263,No,3,0.5080603277993979
HR,Claude,74,Yes,16,0.67490736390914
Operations,Gemini,336,No,52,0.5154799177107638
Finance,Claude,275,No,56,0.028916180593523966
Sales,Copilot,59,No,19,0.6815142428442127
Sales,Claude,26,No,33,0.5328771593015073
HR,Copilot,95,Yes,16,0.27336943295732263
Sales,Gemini,67,Yes,59,0.7479152761231886
IT,ChatGPT,267,No,3,0.11916680181419559
Finance,Copilot,91,No,13,0.019720206211364055
Finance,Copilot,144,No,23,0.5162803740285778
Finance,Gemini,67,No,43,0.7293012685667651
Sales,Claude,232,Yes,50,0.3516620146837153
Operations,Bard,363,No,40,0.4996415524946657
HR,Bard,341,Yes,33,0.07631907147694095
HR,ChatGPT,101,No,57,0.6120079436201789
Sales,ChatGPT,229,No,15,0.4352797723131433
IT,Bard,367,Yes,3,0.15518964470833818
Sales,Copilot,367,Yes,45,0.6065782686646367
Finance,Claude,216,No,43,0.31681421567852897
Finance,Claude,246,Yes,47,0.5420598990659334
Operations,Copilot,362,Yes,52,0.7797025324591467
Operations,ChatGPT,198,No,18,0.12304583020172788
Finance,ChatGPT,79,No,11,0.9409510414399791
Operations,Copilot,263,Yes,30,0.6767042165040743
Operations,Claude,183,Yes,36,0.5692728866965332
Sales,Claude,220,Yes,21,0.9183816342035571
Finance,Gemini,217,No,8,0.5944594368017606
Finance,Claude,100,Yes,11,0.5241612188999599
Operations,Claude,352,Yes,40,0.7716549165033251
IT,Bard,365,Yes,31,0.6854867889962396
Operations,Bard,102,No,51,0.17754539373318245
IT,Bard,64,No,1,0.20016226896056832
HR,Bard,50,Yes,34,0.16321962563505743
HR,Copilot,249,Yes,14,0.9067458038937294
Operations,Claude,142,No,11,0.08502189261912252
Finance,Copilot,66,Yes,27,0.8093114892741601
Operations,ChatGPT,381,No,56,0.7314022655913649
HR,Bard,344,No,8,0.8388535419513479
IT,Claude,63,Yes,20,0.06047445680043462
Operations,Bard,98,Yes,33,0.039906212762839344
Operations,Bard,179,Yes,8,0.28427084290884386
IT,Copilot,288,No,11,0.03328170300288713
Sales,Gemini,40,No,13,0.5425015442276414
IT,Claude,122,No,60,0.5725035354872515
Finance,Gemini,327,Yes,22,0.21911281994024412
HR,Bard,233,No,52,0.34762567344254414
Finance,Claude,289,No,56,0.6280953463518167
HR,Bard,62,No,12,0.9059975319715503
Finance,Bard,231,No,43,0.09355227136295019
Sales,Copilot,238,No,41,0.2469394202634111
Operations,Copilot,23,No,36,0.6224434289693825
Operations,ChatGPT,230,Yes,45,0.13274595346040807
HR,ChatGPT,106,No,56,0.0945339147458345
Finance,Copilot,22,No,5,0.9868965982804458
Sales,Gemini,167,No,47,0.534340848345051
HR,ChatGPT,36,Yes,11,0.819712900118479
IT,Claude,281,No,33,0.5143915869506019
Sales,Gemini,380,Yes,32,0.6686570153834137
Operations,ChatGPT,209,Yes,24,0.18702895290552402
IT,Claude,148,Yes,56,0.7005697601318714
Finance,Claude,235,Yes,40,0.01325880863858675
IT,Bard,285,Yes,40,0.0008461786730316057
Operations,Claude,289,Yes,33,0.5854832851252765
IT,Gemini,201,Yes,46,0.9309290760005096
Sales,Bard,122,No,33,0.2949870188336905
Operations,Copilot,152,Yes,23,0.17331065064925544
Finance,Gemini,357,No,10,0.0006853366179851994
Finance,Claude,274,Yes,30,0.18286014779376603
Sales,Copilot,353,No,45,0.42568531060263026
Finance,Bard,163,Yes,5,0.9328727997962385
Sales,Bard,185,Yes,43,0.6471004490775115
Sales,Copilot,310,Yes,40,0.6388645717032253
Sales,Bard,383,No,50,0.09749066917087013
Finance,Claude,109,No,22,0.9511560032782882
HR,Copilot,244,Yes,44,0.7089223796741305
Operations,ChatGPT,305,No,30,0.13393681429550985
Operations,Copilot,36,Yes,40,0.06513409942021586
HR,ChatGPT,68,No,42,0.6749614556779476
Operations,Claude,398,Yes,54,0.3582867206056185
Finance,Bard,345,Yes,31,0.43894034658810555
Sales,Bard,271,Yes,41,0.9365774168810499
Sales,Bard,59,No,19,0.43203786840396396
IT,ChatGPT,392,No,10,0.5043350187933063
IT,Bard,127,Yes,3,0.4708556160701254
Operations,ChatGPT,127,Yes,3,0.66694986355731
HR,ChatGPT,82,Yes,21,0.9923714933846317
IT,Gemini,114,No,46,0.4698791003988749
Operations,ChatGPT,33,No,59,0.41483158989943547
Sales,Bard,368,Yes,31,0.24816317998533377
HR,Bard,297,Yes,31,0.969709294356189
Finance,ChatGPT,126,No,48,0.8906900451620472
HR,Claude,251,No,46,0.3604179058831115
Sales,Copilot,89,Yes,27,0.7637963273156808
IT,Gemini,355,Yes,54,0.8626744737400824
IT,Copilot,321,No,57,0.062811646910923
Sales,Bard,25,No,49,0.02990285867697262
HR,ChatGPT,46,Yes,12,0.7427057910797424
Sales,ChatGPT,169,Yes,26,0.9778971854192998
Finance,Gemini,237,No,25,0.5362369028246659
IT,ChatGPT,162,No,52,0.28530083412922236
Sales,Bard,365,No,1,0.16408008276213493
HR,ChatGPT,389,No,47,0.5309861947650453
Sales,ChatGPT,236,Yes,39,0.5015966623374996
Finance,Bard,206,No,35,0.11897329249744948
Finance,ChatGPT,225,No,16,0.012467706721659755
Finance,Copilot,69,No,47,0.6759996668623428
Operations,ChatGPT,116,No,30,0.9552081989373143
Sales,Gemini,133,No,37,0.13470664085403583
HR,Claude,214,No,14,0.3653918504104817
Operations,ChatGPT,43,No,18,0.15496559080111438
Finance,Copilot,229,Yes,56,0.07305107783307385
Operations,Copilot,339,Yes,58,0.8959762137754487
HR,Claude,145,Yes,47,0.465092968652828
HR,ChatGPT,199,Yes,50,0.5615113467558617
Sales,Bard,241,No,20,0.24500695393984617
Finance,ChatGPT,133,Yes,48,0.7063037631621575
Operations,ChatGPT,36,No,49,0.8688773181037721
Operations,Bard,208,Yes,54,0.8885471596825887
IT,Copilot,134,No,44,0.2850606683432638
Finance,Copilot,122,No,1,0.1447053942167268
Operations,ChatGPT,94,No,53,0.05138489896059528
IT,ChatGPT,88,No,25,0.07856948371017625
Finance,Claude,300,Yes,48,0.4264547868303592
Sales,Bard,186,Yes,28,0.6932386090232291
Sales,Gemini,201,No,14,0.5824570389820474
Operations,Claude,114,No,18,0.0930536437371422
Sales,Bard,207,Yes,21,0.39546506305214635
Operations,Bard,349,No,15,0.5219274913229335
HR,Gemini,249,No,45,0.43632509131732966
HR,Gemini,125,Yes,12,0.01887300298018124
HR,Copilot,264,No,25,0.38993873816307767
Sales,Copilot,124,Yes,9,0.6609200693571599
Finance,Gemini,316,Yes,48,0.1954856458692119
IT,Gemini,21,Yes,10,0.4095043009221234
Operations,Claude,72,Yes,27,0.2796864501848596
HR,Gemini,283,No,9,0.7069262836416268
IT,Bard,332,Yes,6,0.9376718085974556
HR,Copilot,372,Yes,59,0.12714205079857122
IT,Copilot,49,Yes,28,0.09838546682371763
Operations,Claude,366,No,24,0.0741287801858116
HR,Copilot,47,No,59,0.6021261436575879
Finance,Claude,142,Yes,37,0.34266848117014914
HR,Claude,127,No,47,0.17555337469336973
HR,Gemini,355,Yes,28,0.4755209846121896
Operations,Claude,70,Yes,47,0.5156787955107125
IT,Gemini,356,Yes,34,0.56287676119427
HR,ChatGPT,123,No,37,0.7412511950859623
Finance,ChatGPT,304,No,50,0.2314323069532096
Sales,Claude,256,Yes,35,0.5147978852247582
Sales,Claude,335,No,37,0.5748296098352482
IT,Claude,258,No,38,0.2363079806498205
Finance,ChatGPT,60,Yes,15,0.14350436117253895
Finance,Claude,171,No,31,0.03075616305972595
HR,ChatGPT,87,Yes,2,0.2786460038165318
HR,Gemini,98,No,31,0.8430016994449051
Sales,Gemini,111,No,49,0.8223069375301152
Operations,ChatGPT,300,Yes,42,0.25525839827513375
Sales,Copilot,36,No,15,0.24447736744717363
Finance,ChatGPT,352,No,5,0.8137895950859307
Finance,ChatGPT,116,No,33,0.8139800884577603
IT,Bard,383,Yes,35,0.7860694224915263
HR,Gemini,162,Yes,4,0.9674254037945125
IT,Claude,92,Yes,22,0.17270583401247086
Finance,Gemini,113,No,15,0.44760735705743127
HR,Gemini,209,No,40,0.3991986885753448
Finance,Copilot,334,Yes,53,0.32712658826789043
IT,Gemini,155,No,28,0.814751763647379
Finance,Bard,73,No,48,0.9470552417903608
Sales,ChatGPT,151,Yes,30,0.2828309335874246
IT,Gemini,350,Yes,33,0.8710522260804096
Sales,Claude,51,Yes,23,0.6489726556152952
IT,Claude,354,Yes,2,0.4784572144404523
Finance,Gemini,224,Yes,15,0.16829649257351353
Finance,ChatGPT,204,Yes,56,0.6195438295836999
Finance,Gemini,211,Yes,48,0.48101050142586144
Finance,Claude,307,Yes,37,0.38533933958671984
Sales,Copilot,250,Yes,17,0.2726352632770974
Finance,Claude,91,Yes,4,0.23415584360032127
HR,Copilot,161,Yes,42,0.9248898013162854
IT,Bard,288,No,21,0.8073463532101782
Finance,Bard,35,No,45,0.8085821321851161
IT,Copilot,45,No,15,0.8661696735728861
IT,Bard,25,Yes,36,0.6874939434989336
HR,Bard,64,No,32,0.8648084510720303
Sales,Bard,295,Yes,26,0.1331367476031191
Finance,ChatGPT,332,No,8,0.6208555886250303
Finance,ChatGPT,225,Yes,32,0.3560363704754754
Operations,Gemini,349,No,13,0.6025330283839412
IT,Copilot,247,No,25,0.852507967245308
Finance,Gemini,59,Yes,49,0.5167729176325616
Finance,Bard,391,No,20,0.2226778522514048
HR,Bard,88,No,3,0.6537771818465812
IT,Copilot,51,No,25,0.5435295323540815
IT,Copilot,110,No,48,0.37916031270339645
Operations,Copilot,349,No,28,0.5252246532053971
IT,Bard,168,No,37,0.8335530495922172
IT,ChatGPT,293,No,14,0.08629649719301069
Finance,Copilot,301,Yes,15,0.767290423812473
IT,ChatGPT,277,Yes,6,0.3739249283332653
Operations,ChatGPT,275,Yes,21,0.07039543821998706
Finance,Gemini,348,Yes,55,0.060474978145090175
HR,ChatGPT,201,Yes,38,0.9833659093938543
IT,Gemini,204,No,26,0.5515328834745664
IT,ChatGPT,51,No,60,0.8244211832374895
Operations,ChatGPT,60,No,41,0.6926284965507498
Sales,Gemini,380,No,24,0.22404023563660969
Sales,Gemini,317,No,14,0.105598350062729
Finance,Copilot,75,No,26,0.4177495420260601
Sales,ChatGPT,76,No,57,0.415604011610885
IT,Claude,351,Yes,51,0.3407349445433404
HR,Claude,385,No,58,0.3353555418774832
HR,ChatGPT,177,No,43,0.3194692902095745
Operations,ChatGPT,364,Yes,4,0.13980101505811293
Operations,Bard,379,No,4,0.416202518087597
